"STATION","NAME","LATITUDE","LONGITUDE","ELEVATION","DATE","AWND","PRCP","TAVG","TMAX","TMIN"
"USW00012960","HOUSTON INTERCONTINENTAL AIRPORT, TX US","29.98","-95.36","29.0","2017-08-01","7.61","0.00","83","93","73"
"USW00012960","HOUSTON INTERCONTINENTAL AIRPORT, TX US","29.98","-95.36","29.0","2017-08-02","6.93","0.09","81","90","75"
"USW00012960","HOUSTON INTERCONTINENTAL AIRPORT, TX US","29.98","-95.36","29.0","2017-08-03","5.82","0.00","79","89","75"
"USW00012960","HOUSTON INTERCONTINENTAL AIRPORT, TX US","29.98","-95.36","29.0","2017-08-04","4.70","1.26","82","93","75"
"USW00012960","HOUSTON INTERCONTINENTAL AIRPORT, TX US","29.98","-95.36","29.0","2017-08-05","5.14","0.39","81","92","75"
"USW00012960","HOUSTON INTERCONTINENTAL AIRPORT, TX US","29.98","-95.36","29.0","2017-08-06","6.71","0.10","83","94","77"
"USW00012960","HOUSTON INTERCONTINENTAL AIRPORT, TX US","29.98","-95.36","29.0","2017-08-07","5.37","2.13","82","84","74"
"USW00012960","HOUSTON INTERCONTINENTAL AIRPORT, TX US","29.98","-95.36","29.0","2017-08-08","4.70","3.61","78","88","73"
"USW00012960","HOUSTON INTERCONTINENTAL AIRPORT, TX US","29.98","-95.36","29.0","2017-08-09","5.37","0.00","82","94","76"
"USW00012960","HOUSTON INTERCONTINENTAL AIRPORT, TX US","29.98","-95.36","29.0","2017-08-10","3.58","0.12","85","97","77"
"USW00012960","HOUSTON INTERCONTINENTAL AIRPORT, TX US","29.98","-95.36","29.0","2017-08-11","4.47","0.00","85","97","77"
"USW00012960","HOUSTON INTERCONTINENTAL AIRPORT, TX US","29.98","-95.36","29.0","2017-08-12","5.82","0.00","87","97","79"
"USW00012960","HOUSTON INTERCONTINENTAL AIRPORT, TX US","29.98","-95.36","29.0","2017-08-13","6.93","0.00","87","97","78"
"USW00012960","HOUSTON INTERCONTINENTAL AIRPORT, TX US","29.98","-95.36","29.0","2017-08-14","8.28","0.00","88","96","81"
"USW00012960","HOUSTON INTERCONTINENTAL AIRPORT, TX US","29.98","-95.36","29.0","2017-08-15","7.61","0.00","87","97","80"
"USW00012960","HOUSTON INTERCONTINENTAL AIRPORT, TX US","29.98","-95.36","29.0","2017-08-16","9.17","0.00","88","96","82"
"USW00012960","HOUSTON INTERCONTINENTAL AIRPORT, TX US","29.98","-95.36","29.0","2017-08-17","7.38","0.00","88","97","81"
"USW00012960","HOUSTON INTERCONTINENTAL AIRPORT, TX US","29.98","-95.36","29.0","2017-08-18","5.59","0.00","87","99","78"
"USW00012960","HOUSTON INTERCONTINENTAL AIRPORT, TX US","29.98","-95.36","29.0","2017-08-19","4.70","0.00","87","98","78"
"USW00012960","HOUSTON INTERCONTINENTAL AIRPORT, TX US","29.98","-95.36","29.0","2017-08-20","5.37","0.00","87","97","75"
"USW00012960","HOUSTON INTERCONTINENTAL AIRPORT, TX US","29.98","-95.36","29.0","2017-08-21","5.82","0.00","85","94","78"
"USW00012960","HOUSTON INTERCONTINENTAL AIRPORT, TX US","29.98","-95.36","29.0","2017-08-22","3.80","0.00","84","97","75"
"USW00012960","HOUSTON INTERCONTINENTAL AIRPORT, TX US","29.98","-95.36","29.0","2017-08-23","5.37","0.15","85","95","76"
"USW00012960","HOUSTON INTERCONTINENTAL AIRPORT, TX US","29.98","-95.36","29.0","2017-08-24","8.05","0.00","84","95","76"
"USW00012960","HOUSTON INTERCONTINENTAL AIRPORT, TX US","29.98","-95.36","29.0","2017-08-25","14.99","0.39","78","80","76"
"USW00012960","HOUSTON INTERCONTINENTAL AIRPORT, TX US","29.98","-95.36","29.0","2017-08-26","18.34","8.37","78","79","74"
"USW00012960","HOUSTON INTERCONTINENTAL AIRPORT, TX US","29.98","-95.36","29.0","2017-08-27","15.43","16.07","76","77","74"
"USW00012960","HOUSTON INTERCONTINENTAL AIRPORT, TX US","29.98","-95.36","29.0","2017-08-28","23.49","4.00","73","74","71"
"USW00012960","HOUSTON INTERCONTINENTAL AIRPORT, TX US","29.98","-95.36","29.0","2017-08-29","21.70","2.43","72","75","72"
"USW00012960","HOUSTON INTERCONTINENTAL AIRPORT, TX US","29.98","-95.36","29.0","2017-08-30","14.32","0.00","77","86","73"
"USW00012960","HOUSTON INTERCONTINENTAL AIRPORT, TX US","29.98","-95.36","29.0","2017-08-31","6.71","0.00","82","93","73"
"USW00012960","HOUSTON INTERCONTINENTAL AIRPORT, TX US","29.98","-95.36","29.0","2017-09-01","4.47","0.00","80","92","70"
"USW00012960","HOUSTON INTERCONTINENTAL AIRPORT, TX US","29.98","-95.36","29.0","2017-09-02","2.91","0.00","81","93","72"
"USW00012960","HOUSTON INTERCONTINENTAL AIRPORT, TX US","29.98","-95.36","29.0","2017-09-03","3.58","0.00","81","92","73"
"USW00012960","HOUSTON INTERCONTINENTAL AIRPORT, TX US","29.98","-95.36","29.0","2017-09-04","4.47","0.00","81","91","72"
"USW00012960","HOUSTON INTERCONTINENTAL AIRPORT, TX US","29.98","-95.36","29.0","2017-09-05","2.91","0.00","81","93","73"
"USW00012960","HOUSTON INTERCONTINENTAL AIRPORT, TX US","29.98","-95.36","29.0","2017-09-06","9.17","0.06","78","85","66"
"USW00012960","HOUSTON INTERCONTINENTAL AIRPORT, TX US","29.98","-95.36","29.0","2017-09-07","6.71","0.00","72","83","61"
"USW00012960","HOUSTON INTERCONTINENTAL AIRPORT, TX US","29.98","-95.36","29.0","2017-09-08","6.49","0.00","72","85","61"
"USW00012960","HOUSTON INTERCONTINENTAL AIRPORT, TX US","29.98","-95.36","29.0","2017-09-09","6.93","0.00","74","85","64"
"USW00012960","HOUSTON INTERCONTINENTAL AIRPORT, TX US","29.98","-95.36","29.0","2017-09-10","7.83","0.00","75","87","65"
"USW00012960","HOUSTON INTERCONTINENTAL AIRPORT, TX US","29.98","-95.36","29.0","2017-09-11","6.93","0.00","75","85","64"
"USW00012960","HOUSTON INTERCONTINENTAL AIRPORT, TX US","29.98","-95.36","29.0","2017-09-12","4.92","0.00","73","88","60"
"USW00012960","HOUSTON INTERCONTINENTAL AIRPORT, TX US","29.98","-95.36","29.0","2017-09-13","4.92","0.00","76","87","68"
"USW00012960","HOUSTON INTERCONTINENTAL AIRPORT, TX US","29.98","-95.36","29.0","2017-09-14","6.93","0.00","79","91","67"
"USW00012960","HOUSTON INTERCONTINENTAL AIRPORT, TX US","29.98","-95.36","29.0","2017-09-15","6.26","0.00","79","90","69"
"USW00012960","HOUSTON INTERCONTINENTAL AIRPORT, TX US","29.98","-95.36","29.0","2017-09-16","4.25","0.00","80","93","68"
"USW00012960","HOUSTON INTERCONTINENTAL AIRPORT, TX US","29.98","-95.36","29.0","2017-09-17","4.70","0.00","80","93","70"
"USW00012960","HOUSTON INTERCONTINENTAL AIRPORT, TX US","29.98","-95.36","29.0","2017-09-18","4.03","0.42","81","91","73"
"USW00012960","HOUSTON INTERCONTINENTAL AIRPORT, TX US","29.98","-95.36","29.0","2017-09-19","6.26","0.00","80","93","73"
"USW00012960","HOUSTON INTERCONTINENTAL AIRPORT, TX US","29.98","-95.36","29.0","2017-09-20","6.71","0.48","84","93","77"
"USW00012960","HOUSTON INTERCONTINENTAL AIRPORT, TX US","29.98","-95.36","29.0","2017-09-21","5.82","0.02","80","88","75"
"USW00012960","HOUSTON INTERCONTINENTAL AIRPORT, TX US","29.98","-95.36","29.0","2017-09-22","4.47","0.00","80","91","71"
"USW00012960","HOUSTON INTERCONTINENTAL AIRPORT, TX US","29.98","-95.36","29.0","2017-09-23","6.71","0.00","80","91","72"
"USW00012960","HOUSTON INTERCONTINENTAL AIRPORT, TX US","29.98","-95.36","29.0","2017-09-24","6.49","0.01","80","92","72"
"USW00012960","HOUSTON INTERCONTINENTAL AIRPORT, TX US","29.98","-95.36","29.0","2017-09-25","7.38","0.00","79","91","73"
"USW00012960","HOUSTON INTERCONTINENTAL AIRPORT, TX US","29.98","-95.36","29.0","2017-09-26","4.92","0.00","80","90","72"
"USW00012960","HOUSTON INTERCONTINENTAL AIRPORT, TX US","29.98","-95.36","29.0","2017-09-27","4.25","0.00","81","92","75"
"USW00012960","HOUSTON INTERCONTINENTAL AIRPORT, TX US","29.98","-95.36","29.0","2017-09-28","4.47","0.24","81","93","75"
"USW00012960","HOUSTON INTERCONTINENTAL AIRPORT, TX US","29.98","-95.36","29.0","2017-09-29","8.72","0.00","80","91","73"
"USW00012960","HOUSTON INTERCONTINENTAL AIRPORT, TX US","29.98","-95.36","29.0","2017-09-30","6.04","0.00","78","89","67"
"USW00012960","HOUSTON INTERCONTINENTAL AIRPORT, TX US","29.98","-95.36","29.0","2017-10-01","4.47","0.00","78","91","66"
"USW00012960","HOUSTON INTERCONTINENTAL AIRPORT, TX US","29.98","-95.36","29.0","2017-10-02","9.17","0.00","79","90","73"
"USW00012960","HOUSTON INTERCONTINENTAL AIRPORT, TX US","29.98","-95.36","29.0","2017-10-03","9.62","2.13","79","82","77"
"USW00012960","HOUSTON INTERCONTINENTAL AIRPORT, TX US","29.98","-95.36","29.0","2017-10-04","8.50","0.00","80","89","71"
"USW00012960","HOUSTON INTERCONTINENTAL AIRPORT, TX US","29.98","-95.36","29.0","2017-10-05","5.59","0.00","78","88","70"
"USW00012960","HOUSTON INTERCONTINENTAL AIRPORT, TX US","29.98","-95.36","29.0","2017-10-06","4.25","0.00","76","87","66"
"USW00012960","HOUSTON INTERCONTINENTAL AIRPORT, TX US","29.98","-95.36","29.0","2017-10-07","4.03","0.00","77","90","68"
"USW00012960","HOUSTON INTERCONTINENTAL AIRPORT, TX US","29.98","-95.36","29.0","2017-10-08","2.91","0.00","81","93","71"
"USW00012960","HOUSTON INTERCONTINENTAL AIRPORT, TX US","29.98","-95.36","29.0","2017-10-09","4.70","0.00","82","94","71"
"USW00012960","HOUSTON INTERCONTINENTAL AIRPORT, TX US","29.98","-95.36","29.0","2017-10-10","9.62","0.00","78","81","67"
"USW00012960","HOUSTON INTERCONTINENTAL AIRPORT, TX US","29.98","-95.36","29.0","2017-10-11","6.93","0.00","71","84","62"
"USW00012960","HOUSTON INTERCONTINENTAL AIRPORT, TX US","29.98","-95.36","29.0","2017-10-12","3.58","0.00","75","91","65"
"USW00012960","HOUSTON INTERCONTINENTAL AIRPORT, TX US","29.98","-95.36","29.0","2017-10-13","4.03","0.00","80","92","70"
"USW00012960","HOUSTON INTERCONTINENTAL AIRPORT, TX US","29.98","-95.36","29.0","2017-10-14","5.59","0.00","80","91","70"
"USW00012960","HOUSTON INTERCONTINENTAL AIRPORT, TX US","29.98","-95.36","29.0","2017-10-15","8.95","0.00","78","92","69"
"USW00012960","HOUSTON INTERCONTINENTAL AIRPORT, TX US","29.98","-95.36","29.0","2017-10-16","11.18","0.00","70","78","56"
"USW00012960","HOUSTON INTERCONTINENTAL AIRPORT, TX US","29.98","-95.36","29.0","2017-10-17","4.92","0.00","64","79","51"
"USW00012960","HOUSTON INTERCONTINENTAL AIRPORT, TX US","29.98","-95.36","29.0","2017-10-18","4.03","0.00","65","83","50"
"USW00012960","HOUSTON INTERCONTINENTAL AIRPORT, TX US","29.98","-95.36","29.0","2017-10-19","6.26","0.00","71","85","60"
"USW00012960","HOUSTON INTERCONTINENTAL AIRPORT, TX US","29.98","-95.36","29.0","2017-10-20","10.29","0.02","73","80","67"
"USW00012960","HOUSTON INTERCONTINENTAL AIRPORT, TX US","29.98","-95.36","29.0","2017-10-21","8.28","0.04","76","87","69"
"USW00012960","HOUSTON INTERCONTINENTAL AIRPORT, TX US","29.98","-95.36","29.0","2017-10-22","7.61","0.97","72","76","60"
"USW00012960","HOUSTON INTERCONTINENTAL AIRPORT, TX US","29.98","-95.36","29.0","2017-10-23","1.79","0.00","65","81","51"
"USW00012960","HOUSTON INTERCONTINENTAL AIRPORT, TX US","29.98","-95.36","29.0","2017-10-24","10.51","0.00","65","77","56"
"USW00012960","HOUSTON INTERCONTINENTAL AIRPORT, TX US","29.98","-95.36","29.0","2017-10-25","4.70","0.00","62","77","46"
"USW00012960","HOUSTON INTERCONTINENTAL AIRPORT, TX US","29.98","-95.36","29.0","2017-10-26","6.93","0.00","65","83","49"
"USW00012960","HOUSTON INTERCONTINENTAL AIRPORT, TX US","29.98","-95.36","29.0","2017-10-27","11.63","0.00","67","70","49"
"USW00012960","HOUSTON INTERCONTINENTAL AIRPORT, TX US","29.98","-95.36","29.0","2017-10-28","10.51","0.00","53","62","41"
"USW00012960","HOUSTON INTERCONTINENTAL AIRPORT, TX US","29.98","-95.36","29.0","2017-10-29","3.13","0.00","52","71","35"
"USW00012960","HOUSTON INTERCONTINENTAL AIRPORT, TX US","29.98","-95.36","29.0","2017-10-30","4.70","0.00","61","80","44"
"USW00012960","HOUSTON INTERCONTINENTAL AIRPORT, TX US","29.98","-95.36","29.0","2017-10-31","7.38","0.26","67","81","60"
"USW00012960","HOUSTON INTERCONTINENTAL AIRPORT, TX US","29.98","-95.36","29.0","2017-11-01","6.49","0.44","71","81","67"
"USW00012960","HOUSTON INTERCONTINENTAL AIRPORT, TX US","29.98","-95.36","29.0","2017-11-02","7.16","0.00","78","88","73"
"USW00012960","HOUSTON INTERCONTINENTAL AIRPORT, TX US","29.98","-95.36","29.0","2017-11-03","5.82","0.00","79","87","74"
"USW00012960","HOUSTON INTERCONTINENTAL AIRPORT, TX US","29.98","-95.36","29.0","2017-11-04","5.37","0.00","77","87","67"
"USW00012960","HOUSTON INTERCONTINENTAL AIRPORT, TX US","29.98","-95.36","29.0","2017-11-05","8.05","0.00","79","88","74"
"USW00012960","HOUSTON INTERCONTINENTAL AIRPORT, TX US","29.98","-95.36","29.0","2017-11-06","7.38","0.00","80","89","73"
"USW00012960","HOUSTON INTERCONTINENTAL AIRPORT, TX US","29.98","-95.36","29.0","2017-11-07","6.04","0.00","78","88","65"
"USW00012960","HOUSTON INTERCONTINENTAL AIRPORT, TX US","29.98","-95.36","29.0","2017-11-08","11.18","0.01","64","65","55"
"USW00012960","HOUSTON INTERCONTINENTAL AIRPORT, TX US","29.98","-95.36","29.0","2017-11-09","9.84","0.05","57","66","52"
"USW00012960","HOUSTON INTERCONTINENTAL AIRPORT, TX US","29.98","-95.36","29.0","2017-11-10","6.93","0.00","57","70","48"
"USW00012960","HOUSTON INTERCONTINENTAL AIRPORT, TX US","29.98","-95.36","29.0","2017-11-11","8.28","0.00","65","76","55"
"USW00012960","HOUSTON INTERCONTINENTAL AIRPORT, TX US","29.98","-95.36","29.0","2017-11-12","4.70","0.00","67","81","58"
"USW00012960","HOUSTON INTERCONTINENTAL AIRPORT, TX US","29.98","-95.36","29.0","2017-11-13","5.14","0.00","69","79","60"
"USW00012960","HOUSTON INTERCONTINENTAL AIRPORT, TX US","29.98","-95.36","29.0","2017-11-14","6.71","0.00","67","79","58"
"USW00012960","HOUSTON INTERCONTINENTAL AIRPORT, TX US","29.98","-95.36","29.0","2017-11-15","5.37","0.00","68","81","68"
"USW00012960","HOUSTON INTERCONTINENTAL AIRPORT, TX US","29.98","-95.36","29.0","2017-11-16","9.62","0.00","72","81","67"
"USW00012960","HOUSTON INTERCONTINENTAL AIRPORT, TX US","29.98","-95.36","29.0","2017-11-17","8.05","0.00","74","86","68"
"USW00012960","HOUSTON INTERCONTINENTAL AIRPORT, TX US","29.98","-95.36","29.0","2017-11-18","12.97","0.00","76","84","57"
"USW00012960","HOUSTON INTERCONTINENTAL AIRPORT, TX US","29.98","-95.36","29.0","2017-11-19","10.07","0.00","59","67","44"
"USW00012960","HOUSTON INTERCONTINENTAL AIRPORT, TX US","29.98","-95.36","29.0","2017-11-20","6.49","0.00","53","68","41"
"USW00012960","HOUSTON INTERCONTINENTAL AIRPORT, TX US","29.98","-95.36","29.0","2017-11-21","6.93","0.00","61","77","49"
"USW00012960","HOUSTON INTERCONTINENTAL AIRPORT, TX US","29.98","-95.36","29.0","2017-11-22","11.41","0.00","63","70","49"
"USW00012960","HOUSTON INTERCONTINENTAL AIRPORT, TX US","29.98","-95.36","29.0","2017-11-23","2.91","0.00","53","66","38"
"USW00012960","HOUSTON INTERCONTINENTAL AIRPORT, TX US","29.98","-95.36","29.0","2017-11-24","3.58","0.00","54","73","38"
"USW00012960","HOUSTON INTERCONTINENTAL AIRPORT, TX US","29.98","-95.36","29.0","2017-11-25","3.80","0.00","62","81","48"
"USW00012960","HOUSTON INTERCONTINENTAL AIRPORT, TX US","29.98","-95.36","29.0","2017-11-26","4.25","0.00","64","77","53"
"USW00012960","HOUSTON INTERCONTINENTAL AIRPORT, TX US","29.98","-95.36","29.0","2017-11-27","4.70","0.00","59","74","46"
"USW00012960","HOUSTON INTERCONTINENTAL AIRPORT, TX US","29.98","-95.36","29.0","2017-11-28","6.04","0.00","60","77","46"
"USW00012960","HOUSTON INTERCONTINENTAL AIRPORT, TX US","29.98","-95.36","29.0","2017-11-29","2.01","0.00","65","74","55"
"USW00012960","HOUSTON INTERCONTINENTAL AIRPORT, TX US","29.98","-95.36","29.0","2017-11-30","4.92","0.00","62","77","49"
"USW00012960","HOUSTON INTERCONTINENTAL AIRPORT, TX US","29.98","-95.36","29.0","2017-12-01","2.24","0.00","60","76","47"
"USW00012960","HOUSTON INTERCONTINENTAL AIRPORT, TX US","29.98","-95.36","29.0","2017-12-02","2.46","0.00","60","78","48"
"USW00012960","HOUSTON INTERCONTINENTAL AIRPORT, TX US","29.98","-95.36","29.0","2017-12-03","6.93","0.55","62","69","54"
"USW00012960","HOUSTON INTERCONTINENTAL AIRPORT, TX US","29.98","-95.36","29.0","2017-12-04","8.50","0.29","71","81","67"
"USW00012960","HOUSTON INTERCONTINENTAL AIRPORT, TX US","29.98","-95.36","29.0","2017-12-05","10.29","0.00","68","76","54"
"USW00012960","HOUSTON INTERCONTINENTAL AIRPORT, TX US","29.98","-95.36","29.0","2017-12-06","10.96","0.32","49","54","42"
"USW00012960","HOUSTON INTERCONTINENTAL AIRPORT, TX US","29.98","-95.36","29.0","2017-12-07","10.51","0.58","44","46","33"
"USW00012960","HOUSTON INTERCONTINENTAL AIRPORT, TX US","29.98","-95.36","29.0","2017-12-08","5.59","0.06","37","44","29"
"USW00012960","HOUSTON INTERCONTINENTAL AIRPORT, TX US","29.98","-95.36","29.0","2017-12-09","3.13","0.00","40","62","30"
"USW00012960","HOUSTON INTERCONTINENTAL AIRPORT, TX US","29.98","-95.36","29.0","2017-12-10","2.91","0.00","47","65","35"
"USW00012960","HOUSTON INTERCONTINENTAL AIRPORT, TX US","29.98","-95.36","29.0","2017-12-11","5.37","0.00","54","75","40"
"USW00012960","HOUSTON INTERCONTINENTAL AIRPORT, TX US","29.98","-95.36","29.0","2017-12-12","8.05","0.00","57","65","41"
"USW00012960","HOUSTON INTERCONTINENTAL AIRPORT, TX US","29.98","-95.36","29.0","2017-12-13","2.68","0.00","47","59","33"
"USW00012960","HOUSTON INTERCONTINENTAL AIRPORT, TX US","29.98","-95.36","29.0","2017-12-14","3.36","0.00","52","65","43"
"USW00012960","HOUSTON INTERCONTINENTAL AIRPORT, TX US","29.98","-95.36","29.0","2017-12-15","7.83","0.00","52","57","42"
"USW00012960","HOUSTON INTERCONTINENTAL AIRPORT, TX US","29.98","-95.36","29.0","2017-12-16","8.72","0.82","49","60","38"
"USW00012960","HOUSTON INTERCONTINENTAL AIRPORT, TX US","29.98","-95.36","29.0","2017-12-17","3.36","0.00","52","62","48"
"USW00012960","HOUSTON INTERCONTINENTAL AIRPORT, TX US","29.98","-95.36","29.0","2017-12-18","6.04","0.04","59","68","56"
"USW00012960","HOUSTON INTERCONTINENTAL AIRPORT, TX US","29.98","-95.36","29.0","2017-12-19","9.84","0.75","70","79","66"
"USW00012960","HOUSTON INTERCONTINENTAL AIRPORT, TX US","29.98","-95.36","29.0","2017-12-20","4.70","0.01","71","78","55"
"USW00012960","HOUSTON INTERCONTINENTAL AIRPORT, TX US","29.98","-95.36","29.0","2017-12-21","6.71","0.00","62","79","48"
"USW00012960","HOUSTON INTERCONTINENTAL AIRPORT, TX US","29.98","-95.36","29.0","2017-12-22","12.30","0.07","76","81","45"
"USW00012960","HOUSTON INTERCONTINENTAL AIRPORT, TX US","29.98","-95.36","29.0","2017-12-23","7.83","0.00","51","56","40"
"USW00012960","HOUSTON INTERCONTINENTAL AIRPORT, TX US","29.98","-95.36","29.0","2017-12-24","7.38","0.00","49","68","37"
"USW00012960","HOUSTON INTERCONTINENTAL AIRPORT, TX US","29.98","-95.36","29.0","2017-12-25","8.72","0.00","45","54","36"
"USW00012960","HOUSTON INTERCONTINENTAL AIRPORT, TX US","29.98","-95.36","29.0","2017-12-26","10.74","0.10","49","51","47"
"USW00012960","HOUSTON INTERCONTINENTAL AIRPORT, TX US","29.98","-95.36","29.0","2017-12-27","12.30","0.12","44","47","41"
"USW00012960","HOUSTON INTERCONTINENTAL AIRPORT, TX US","29.98","-95.36","29.0","2017-12-28","8.05","0.00","41","45","38"
"USW00012960","HOUSTON INTERCONTINENTAL AIRPORT, TX US","29.98","-95.36","29.0","2017-12-29","7.16","0.00","46","54","42"
"USW00012960","HOUSTON INTERCONTINENTAL AIRPORT, TX US","29.98","-95.36","29.0","2017-12-30","7.38","0.00","54","58","50"
"USW00012960","HOUSTON INTERCONTINENTAL AIRPORT, TX US","29.98","-95.36","29.0","2017-12-31","13.87","0.01","49","52","39"
"USW00012960","HOUSTON INTERCONTINENTAL AIRPORT, TX US","29.98","-95.36","29.0","2018-01-01","14.76","0.00","38","41","30"
"USW00012960","HOUSTON INTERCONTINENTAL AIRPORT, TX US","29.98","-95.36","29.0","2018-01-02","9.40","0.00","31","34","29"
"USW00012960","HOUSTON INTERCONTINENTAL AIRPORT, TX US","29.98","-95.36","29.0","2018-01-03","5.82","0.00","33","48","25"
"USW00012960","HOUSTON INTERCONTINENTAL AIRPORT, TX US","29.98","-95.36","29.0","2018-01-04","3.13","0.00","38","55","26"
"USW00012960","HOUSTON INTERCONTINENTAL AIRPORT, TX US","29.98","-95.36","29.0","2018-01-05","5.37","0.00","46","57","35"
"USW00012960","HOUSTON INTERCONTINENTAL AIRPORT, TX US","29.98","-95.36","29.0","2018-01-06","6.93","0.00","47","66","33"
"USW00012960","HOUSTON INTERCONTINENTAL AIRPORT, TX US","29.98","-95.36","29.0","2018-01-07","8.28","0.24","55","69","44"
"USW00012960","HOUSTON INTERCONTINENTAL AIRPORT, TX US","29.98","-95.36","29.0","2018-01-08","10.29","0.09","62","66","46"
"USW00012960","HOUSTON INTERCONTINENTAL AIRPORT, TX US","29.98","-95.36","29.0","2018-01-09","6.49","0.00","50","54","44"
"USW00012960","HOUSTON INTERCONTINENTAL AIRPORT, TX US","29.98","-95.36","29.0","2018-01-10","7.61","0.00","55","63","52"
"USW00012960","HOUSTON INTERCONTINENTAL AIRPORT, TX US","29.98","-95.36","29.0","2018-01-11","11.63","0.97","62","69","40"
"USW00012960","HOUSTON INTERCONTINENTAL AIRPORT, TX US","29.98","-95.36","29.0","2018-01-12","14.54","0.00","41","49","31"
"USW00012960","HOUSTON INTERCONTINENTAL AIRPORT, TX US","29.98","-95.36","29.0","2018-01-13","6.71","0.00","40","53","30"
"USW00012960","HOUSTON INTERCONTINENTAL AIRPORT, TX US","29.98","-95.36","29.0","2018-01-14","6.49","0.00","40","55","28"
"USW00012960","HOUSTON INTERCONTINENTAL AIRPORT, TX US","29.98","-95.36","29.0","2018-01-15","7.38","0.00","47","67","34"
"USW00012960","HOUSTON INTERCONTINENTAL AIRPORT, TX US","29.98","-95.36","29.0","2018-01-16","17.00","0.35","40","54","25"
"USW00012960","HOUSTON INTERCONTINENTAL AIRPORT, TX US","29.98","-95.36","29.0","2018-01-17","8.50","0.00","27","39","19"
"USW00012960","HOUSTON INTERCONTINENTAL AIRPORT, TX US","29.98","-95.36","29.0","2018-01-18","4.70","0.00","29","38","21"
"USW00012960","HOUSTON INTERCONTINENTAL AIRPORT, TX US","29.98","-95.36","29.0","2018-01-19","8.72","0.02","43","57","34"
"USW00012960","HOUSTON INTERCONTINENTAL AIRPORT, TX US","29.98","-95.36","29.0","2018-01-20","6.93","0.07","57","73","52"
"USW00012960","HOUSTON INTERCONTINENTAL AIRPORT, TX US","29.98","-95.36","29.0","2018-01-21","12.53","0.52","68","75","65"
"USW00012960","HOUSTON INTERCONTINENTAL AIRPORT, TX US","29.98","-95.36","29.0","2018-01-22","10.07","0.08","65","70","43"
"USW00012960","HOUSTON INTERCONTINENTAL AIRPORT, TX US","29.98","-95.36","29.0","2018-01-23","5.82","0.00","51","65","38"
"USW00012960","HOUSTON INTERCONTINENTAL AIRPORT, TX US","29.98","-95.36","29.0","2018-01-24","3.80","0.00","51","66","38"
"USW00012960","HOUSTON INTERCONTINENTAL AIRPORT, TX US","29.98","-95.36","29.0","2018-01-25","5.82","0.00","47","62","33"
"USW00012960","HOUSTON INTERCONTINENTAL AIRPORT, TX US","29.98","-95.36","29.0","2018-01-26","9.62","0.00","55","70","44"
"USW00012960","HOUSTON INTERCONTINENTAL AIRPORT, TX US","29.98","-95.36","29.0","2018-01-27","5.37","0.72","62","66","58"
"USW00012960","HOUSTON INTERCONTINENTAL AIRPORT, TX US","29.98","-95.36","29.0","2018-01-28","8.05","0.00","63","70","52"
"USW00012960","HOUSTON INTERCONTINENTAL AIRPORT, TX US","29.98","-95.36","29.0","2018-01-29","10.07","0.00","56","67","43"
"USW00012960","HOUSTON INTERCONTINENTAL AIRPORT, TX US","29.98","-95.36","29.0","2018-01-30","6.49","0.00","50","62","38"
"USW00012960","HOUSTON INTERCONTINENTAL AIRPORT, TX US","29.98","-95.36","29.0","2018-01-31","7.61","0.00","52","71","35"
"USW00012960","HOUSTON INTERCONTINENTAL AIRPORT, TX US","29.98","-95.36","29.0","2018-02-01","5.82","0.00","65","79","50"
"USW00012960","HOUSTON INTERCONTINENTAL AIRPORT, TX US","29.98","-95.36","29.0","2018-02-02","13.65","0.00","59","62","47"
"USW00012960","HOUSTON INTERCONTINENTAL AIRPORT, TX US","29.98","-95.36","29.0","2018-02-03","7.61","0.04","49","56","44"
"USW00012960","HOUSTON INTERCONTINENTAL AIRPORT, TX US","29.98","-95.36","29.0","2018-02-04","6.49","0.00","59","68","56"
"USW00012960","HOUSTON INTERCONTINENTAL AIRPORT, TX US","29.98","-95.36","29.0","2018-02-05","8.05","0.00","57","61","50"
"USW00012960","HOUSTON INTERCONTINENTAL AIRPORT, TX US","29.98","-95.36","29.0","2018-02-06","8.05","0.08","63","75","56"
"USW00012960","HOUSTON INTERCONTINENTAL AIRPORT, TX US","29.98","-95.36","29.0","2018-02-07","13.65","0.31","52","57","43"
"USW00012960","HOUSTON INTERCONTINENTAL AIRPORT, TX US","29.98","-95.36","29.0","2018-02-08","5.82","0.00","45","60","37"
"USW00012960","HOUSTON INTERCONTINENTAL AIRPORT, TX US","29.98","-95.36","29.0","2018-02-09","5.59","0.05","59","72","54"
"USW00012960","HOUSTON INTERCONTINENTAL AIRPORT, TX US","29.98","-95.36","29.0","2018-02-10","5.59","1.62","67","72","48"
"USW00012960","HOUSTON INTERCONTINENTAL AIRPORT, TX US","29.98","-95.36","29.0","2018-02-11","14.54","0.00","46","48","38"
"USW00012960","HOUSTON INTERCONTINENTAL AIRPORT, TX US","29.98","-95.36","29.0","2018-02-12","10.51","0.00","39","46","36"
"USW00012960","HOUSTON INTERCONTINENTAL AIRPORT, TX US","29.98","-95.36","29.0","2018-02-13","6.71","0.60","45","54","44"
"USW00012960","HOUSTON INTERCONTINENTAL AIRPORT, TX US","29.98","-95.36","29.0","2018-02-14","6.49","0.01","61","80","52"
"USW00012960","HOUSTON INTERCONTINENTAL AIRPORT, TX US","29.98","-95.36","29.0","2018-02-15","8.72","0.00","73","81","69"
"USW00012960","HOUSTON INTERCONTINENTAL AIRPORT, TX US","29.98","-95.36","29.0","2018-02-16","5.82","0.00","72","80","65"
"USW00012960","HOUSTON INTERCONTINENTAL AIRPORT, TX US","29.98","-95.36","29.0","2018-02-17","5.82","0.00","68","77","59"
"USW00012960","HOUSTON INTERCONTINENTAL AIRPORT, TX US","29.98","-95.36","29.0","2018-02-18","11.18","0.00","64","79","59"
"USW00012960","HOUSTON INTERCONTINENTAL AIRPORT, TX US","29.98","-95.36","29.0","2018-02-19","14.99","0.00","73","80","69"
"USW00012960","HOUSTON INTERCONTINENTAL AIRPORT, TX US","29.98","-95.36","29.0","2018-02-20","14.99","0.00","74","80","71"
"USW00012960","HOUSTON INTERCONTINENTAL AIRPORT, TX US","29.98","-95.36","29.0","2018-02-21","9.17","1.58","69","75","51"
"USW00012960","HOUSTON INTERCONTINENTAL AIRPORT, TX US","29.98","-95.36","29.0","2018-02-22","5.14","0.26","58","70","50"
"USW00012960","HOUSTON INTERCONTINENTAL AIRPORT, TX US","29.98","-95.36","29.0","2018-02-23","8.95","0.00","66","80","57"
"USW00012960","HOUSTON INTERCONTINENTAL AIRPORT, TX US","29.98","-95.36","29.0","2018-02-24","10.29","0.01","75","81","73"
"USW00012960","HOUSTON INTERCONTINENTAL AIRPORT, TX US","29.98","-95.36","29.0","2018-02-25","8.95","1.17","65","73","55"
"USW00012960","HOUSTON INTERCONTINENTAL AIRPORT, TX US","29.98","-95.36","29.0","2018-02-26","8.50","0.00","60","71","53"
"USW00012960","HOUSTON INTERCONTINENTAL AIRPORT, TX US","29.98","-95.36","29.0","2018-02-27","12.08","0.00","66","81","60"
"USW00012960","HOUSTON INTERCONTINENTAL AIRPORT, TX US","29.98","-95.36","29.0","2018-02-28","11.41","0.00","76","83","72"
"USW00012960","HOUSTON INTERCONTINENTAL AIRPORT, TX US","29.98","-95.36","29.0","2018-03-01","11.86","0.01","73","80","61"
"USW00012960","HOUSTON INTERCONTINENTAL AIRPORT, TX US","29.98","-95.36","29.0","2018-03-02","7.16","0.00","65","73","55"
"USW00012960","HOUSTON INTERCONTINENTAL AIRPORT, TX US","29.98","-95.36","29.0","2018-03-03","9.84","0.00","62","76","50"
"USW00012960","HOUSTON INTERCONTINENTAL AIRPORT, TX US","29.98","-95.36","29.0","2018-03-04","12.75","0.02","69","77","65"
"USW00012960","HOUSTON INTERCONTINENTAL AIRPORT, TX US","29.98","-95.36","29.0","2018-03-05","8.05","0.00","74","81","67"
"USW00012960","HOUSTON INTERCONTINENTAL AIRPORT, TX US","29.98","-95.36","29.0","2018-03-06","9.40","0.00","66","74","54"
"USW00012960","HOUSTON INTERCONTINENTAL AIRPORT, TX US","29.98","-95.36","29.0","2018-03-07","8.72","0.00","58","67","49"
"USW00012960","HOUSTON INTERCONTINENTAL AIRPORT, TX US","29.98","-95.36","29.0","2018-03-08","7.61","0.00","56","67","48"
"USW00012960","HOUSTON INTERCONTINENTAL AIRPORT, TX US","29.98","-95.36","29.0","2018-03-09","8.50","0.00","58","74","44"
"USW00012960","HOUSTON INTERCONTINENTAL AIRPORT, TX US","29.98","-95.36","29.0","2018-03-10","8.05","0.00","71","84","66"
"USW00012960","HOUSTON INTERCONTINENTAL AIRPORT, TX US","29.98","-95.36","29.0","2018-03-11","12.30","0.01","74","80","58"
"USW00012960","HOUSTON INTERCONTINENTAL AIRPORT, TX US","29.98","-95.36","29.0","2018-03-12","8.72","0.00","59","67","47"
"USW00012960","HOUSTON INTERCONTINENTAL AIRPORT, TX US","29.98","-95.36","29.0","2018-03-13","3.80","0.00","56","71","44"
"USW00012960","HOUSTON INTERCONTINENTAL AIRPORT, TX US","29.98","-95.36","29.0","2018-03-14","4.25","0.00","58","72","44"
"USW00012960","HOUSTON INTERCONTINENTAL AIRPORT, TX US","29.98","-95.36","29.0","2018-03-15","9.17","0.00","61","76","47"
"USW00012960","HOUSTON INTERCONTINENTAL AIRPORT, TX US","29.98","-95.36","29.0","2018-03-16","8.28","0.00","72","85","67"
"USW00012960","HOUSTON INTERCONTINENTAL AIRPORT, TX US","29.98","-95.36","29.0","2018-03-17","8.05","0.00","75","83","70"
"USW00012960","HOUSTON INTERCONTINENTAL AIRPORT, TX US","29.98","-95.36","29.0","2018-03-18","4.70","0.00","75","84","68"
"USW00012960","HOUSTON INTERCONTINENTAL AIRPORT, TX US","29.98","-95.36","29.0","2018-03-19","9.84","0.00","76","85","64"
"USW00012960","HOUSTON INTERCONTINENTAL AIRPORT, TX US","29.98","-95.36","29.0","2018-03-20","10.29","0.00","65","72","52"
"USW00012960","HOUSTON INTERCONTINENTAL AIRPORT, TX US","29.98","-95.36","29.0","2018-03-21","4.25","0.00","61","77","46"
"USW00012960","HOUSTON INTERCONTINENTAL AIRPORT, TX US","29.98","-95.36","29.0","2018-03-22","9.84","0.00","63","75","49"
"USW00012960","HOUSTON INTERCONTINENTAL AIRPORT, TX US","29.98","-95.36","29.0","2018-03-23","10.96","0.00","68","81","54"
"USW00012960","HOUSTON INTERCONTINENTAL AIRPORT, TX US","29.98","-95.36","29.0","2018-03-24","9.62","0.00","74","82","69"
"USW00012960","HOUSTON INTERCONTINENTAL AIRPORT, TX US","29.98","-95.36","29.0","2018-03-25","10.07","0.00","74","85","64"
"USW00012960","HOUSTON INTERCONTINENTAL AIRPORT, TX US","29.98","-95.36","29.0","2018-03-26","16.11","0.00","74","83","69"
"USW00012960","HOUSTON INTERCONTINENTAL AIRPORT, TX US","29.98","-95.36","29.0","2018-03-27","13.65","0.04","75","83","73"
"USW00012960","HOUSTON INTERCONTINENTAL AIRPORT, TX US","29.98","-95.36","29.0","2018-03-28","9.62","1.42","73","77","64"
"USW00012960","HOUSTON INTERCONTINENTAL AIRPORT, TX US","29.98","-95.36","29.0","2018-03-29","7.38","1.47","67","81","60"
"USW00012960","HOUSTON INTERCONTINENTAL AIRPORT, TX US","29.98","-95.36","29.0","2018-03-30","8.72","0.00","69","78","57"
"USW00012960","HOUSTON INTERCONTINENTAL AIRPORT, TX US","29.98","-95.36","29.0","2018-03-31","7.61","0.00","66","80","54"
"USW00012960","HOUSTON INTERCONTINENTAL AIRPORT, TX US","29.98","-95.36","29.0","2018-04-01","7.61","0.00","70","83","59"
"USW00012960","HOUSTON INTERCONTINENTAL AIRPORT, TX US","29.98","-95.36","29.0","2018-04-02","10.07","0.00","75","85","69"
"USW00012960","HOUSTON INTERCONTINENTAL AIRPORT, TX US","29.98","-95.36","29.0","2018-04-03","11.41","0.01","77","85","65"
"USW00012960","HOUSTON INTERCONTINENTAL AIRPORT, TX US","29.98","-95.36","29.0","2018-04-04","13.87","0.00","67","74","54"
"USW00012960","HOUSTON INTERCONTINENTAL AIRPORT, TX US","29.98","-95.36","29.0","2018-04-05","11.63","0.00","63","73","53"
"USW00012960","HOUSTON INTERCONTINENTAL AIRPORT, TX US","29.98","-95.36","29.0","2018-04-06","9.40","0.00","74","82","71"
"USW00012960","HOUSTON INTERCONTINENTAL AIRPORT, TX US","29.98","-95.36","29.0","2018-04-07","11.86","0.29","65","74","47"
"USW00012960","HOUSTON INTERCONTINENTAL AIRPORT, TX US","29.98","-95.36","29.0","2018-04-08","6.93","0.00","49","58","45"
"USW00012960","HOUSTON INTERCONTINENTAL AIRPORT, TX US","29.98","-95.36","29.0","2018-04-09","7.83","0.03","57","65","54"
"USW00012960","HOUSTON INTERCONTINENTAL AIRPORT, TX US","29.98","-95.36","29.0","2018-04-10","8.05","0.00","65","78","53"
"USW00012960","HOUSTON INTERCONTINENTAL AIRPORT, TX US","29.98","-95.36","29.0","2018-04-11","6.26","0.00","64","80","48"
"USW00012960","HOUSTON INTERCONTINENTAL AIRPORT, TX US","29.98","-95.36","29.0","2018-04-12","12.75","0.00","70","84","57"
"USW00012960","HOUSTON INTERCONTINENTAL AIRPORT, TX US","29.98","-95.36","29.0","2018-04-13","14.54","0.02","76","84","67"
"USW00012960","HOUSTON INTERCONTINENTAL AIRPORT, TX US","29.98","-95.36","29.0","2018-04-14","10.96","0.43","65","68","50"
"USW00012960","HOUSTON INTERCONTINENTAL AIRPORT, TX US","29.98","-95.36","29.0","2018-04-15","9.62","0.00","57","70","47"
"USW00012960","HOUSTON INTERCONTINENTAL AIRPORT, TX US","29.98","-95.36","29.0","2018-04-16","6.26","0.00","61","80","43"
"USW00012960","HOUSTON INTERCONTINENTAL AIRPORT, TX US","29.98","-95.36","29.0","2018-04-17","11.41","0.00","71","84","61"
"USW00012960","HOUSTON INTERCONTINENTAL AIRPORT, TX US","29.98","-95.36","29.0","2018-04-18","6.93","0.00","73","82","68"
"USW00012960","HOUSTON INTERCONTINENTAL AIRPORT, TX US","29.98","-95.36","29.0","2018-04-19","10.51","0.00","71","77","56"
"USW00012960","HOUSTON INTERCONTINENTAL AIRPORT, TX US","29.98","-95.36","29.0","2018-04-20","10.51","0.00","61","67","52"
"USW00012960","HOUSTON INTERCONTINENTAL AIRPORT, TX US","29.98","-95.36","29.0","2018-04-21","11.86","1.12","65","74","59"
"USW00012960","HOUSTON INTERCONTINENTAL AIRPORT, TX US","29.98","-95.36","29.0","2018-04-22","9.62","0.00","67","73","58"
"USW00012960","HOUSTON INTERCONTINENTAL AIRPORT, TX US","29.98","-95.36","29.0","2018-04-23","6.26","0.00","65","80","51"
"USW00012960","HOUSTON INTERCONTINENTAL AIRPORT, TX US","29.98","-95.36","29.0","2018-04-24","3.36","0.00","70","85","54"
"USW00012960","HOUSTON INTERCONTINENTAL AIRPORT, TX US","29.98","-95.36","29.0","2018-04-25","5.82","0.00","74","86","60"
"USW00012960","HOUSTON INTERCONTINENTAL AIRPORT, TX US","29.98","-95.36","29.0","2018-04-26","8.50","0.00","67","77","54"
"USW00012960","HOUSTON INTERCONTINENTAL AIRPORT, TX US","29.98","-95.36","29.0","2018-04-27","4.92","0.00","67","80","53"
"USW00012960","HOUSTON INTERCONTINENTAL AIRPORT, TX US","29.98","-95.36","29.0","2018-04-28","3.58","0.00","69","84","56"
"USW00012960","HOUSTON INTERCONTINENTAL AIRPORT, TX US","29.98","-95.36","29.0","2018-04-29","7.16","0.00","72","83","58"
"USW00012960","HOUSTON INTERCONTINENTAL AIRPORT, TX US","29.98","-95.36","29.0","2018-04-30","11.18","0.00","69","81","56"
"USW00012960","HOUSTON INTERCONTINENTAL AIRPORT, TX US","29.98","-95.36","29.0","2018-05-01","13.87","0.00","74","81","70"
"USW00012960","HOUSTON INTERCONTINENTAL AIRPORT, TX US","29.98","-95.36","29.0","2018-05-02","14.76","0.00","78","87","74"
"USW00012960","HOUSTON INTERCONTINENTAL AIRPORT, TX US","29.98","-95.36","29.0","2018-05-03","14.32","0.00","79","86","75"
"USW00012960","HOUSTON INTERCONTINENTAL AIRPORT, TX US","29.98","-95.36","29.0","2018-05-04","7.83","0.80","77","82","67"
"USW00012960","HOUSTON INTERCONTINENTAL AIRPORT, TX US","29.98","-95.36","29.0","2018-05-05","5.82","0.63","72","84","65"
"USW00012960","HOUSTON INTERCONTINENTAL AIRPORT, TX US","29.98","-95.36","29.0","2018-05-06","3.58","0.00","75","87","64"
"USW00012960","HOUSTON INTERCONTINENTAL AIRPORT, TX US","29.98","-95.36","29.0","2018-05-07","4.47","0.00","76","91","64"
"USW00012960","HOUSTON INTERCONTINENTAL AIRPORT, TX US","29.98","-95.36","29.0","2018-05-08","5.59","0.00","79","91","65"
"USW00012960","HOUSTON INTERCONTINENTAL AIRPORT, TX US","29.98","-95.36","29.0","2018-05-09","7.16","0.00","78","90","63"
"USW00012960","HOUSTON INTERCONTINENTAL AIRPORT, TX US","29.98","-95.36","29.0","2018-05-10","8.50","0.00","77","89","63"
"USW00012960","HOUSTON INTERCONTINENTAL AIRPORT, TX US","29.98","-95.36","29.0","2018-05-11","10.96","0.00","79","89","71"
"USW00012960","HOUSTON INTERCONTINENTAL AIRPORT, TX US","29.98","-95.36","29.0","2018-05-12","11.18","0.00","80","90","74"
"USW00012960","HOUSTON INTERCONTINENTAL AIRPORT, TX US","29.98","-95.36","29.0","2018-05-13","8.28","0.00","80","91","70"
"USW00012960","HOUSTON INTERCONTINENTAL AIRPORT, TX US","29.98","-95.36","29.0","2018-05-14","6.93","0.00","80","93","69"
"USW00012960","HOUSTON INTERCONTINENTAL AIRPORT, TX US","29.98","-95.36","29.0","2018-05-15","4.47","0.00","80","94","65"
"USW00012960","HOUSTON INTERCONTINENTAL AIRPORT, TX US","29.98","-95.36","29.0","2018-05-16","5.14","0.00","82","94","66"
"USW00012960","HOUSTON INTERCONTINENTAL AIRPORT, TX US","29.98","-95.36","29.0","2018-05-17","5.14","0.00","84","96","73"
"USW00012960","HOUSTON INTERCONTINENTAL AIRPORT, TX US","29.98","-95.36","29.0","2018-05-18","8.95","0.00","84","94","74"
"USW00012960","HOUSTON INTERCONTINENTAL AIRPORT, TX US","29.98","-95.36","29.0","2018-05-19","12.97","0.00","83","93","76"
"USW00012960","HOUSTON INTERCONTINENTAL AIRPORT, TX US","29.98","-95.36","29.0","2018-05-20","8.05","1.06","79","87","68"
"USW00012960","HOUSTON INTERCONTINENTAL AIRPORT, TX US","29.98","-95.36","29.0","2018-05-21","5.59","0.39","74","85","68"
"USW00012960","HOUSTON INTERCONTINENTAL AIRPORT, TX US","29.98","-95.36","29.0","2018-05-22","3.58","0.16","76","90","70"
"USW00012960","HOUSTON INTERCONTINENTAL AIRPORT, TX US","29.98","-95.36","29.0","2018-05-23","4.92","0.17","76","84","69"
"USW00012960","HOUSTON INTERCONTINENTAL AIRPORT, TX US","29.98","-95.36","29.0","2018-05-24","6.26","0.00","78","91","70"
"USW00012960","HOUSTON INTERCONTINENTAL AIRPORT, TX US","29.98","-95.36","29.0","2018-05-25","3.80","0.03","80","91","71"
"USW00012960","HOUSTON INTERCONTINENTAL AIRPORT, TX US","29.98","-95.36","29.0","2018-05-26","6.04","0.59","83","94","69"
"USW00012960","HOUSTON INTERCONTINENTAL AIRPORT, TX US","29.98","-95.36","29.0","2018-05-27","4.47","0.00","79","92","68"
"USW00012960","HOUSTON INTERCONTINENTAL AIRPORT, TX US","29.98","-95.36","29.0","2018-05-28","3.36","0.00","82","94","72"
"USW00012960","HOUSTON INTERCONTINENTAL AIRPORT, TX US","29.98","-95.36","29.0","2018-05-29","5.37","0.00","85","95","77"
"USW00012960","HOUSTON INTERCONTINENTAL AIRPORT, TX US","29.98","-95.36","29.0","2018-05-30","7.83","0.00","84","94","72"
"USW00012960","HOUSTON INTERCONTINENTAL AIRPORT, TX US","29.98","-95.36","29.0","2018-05-31","10.29","0.00","85","94","75"
"USW00012960","HOUSTON INTERCONTINENTAL AIRPORT, TX US","29.98","-95.36","29.0","2018-06-01","7.61","0.00","85","96","75"
"USW00012960","HOUSTON INTERCONTINENTAL AIRPORT, TX US","29.98","-95.36","29.0","2018-06-02","6.49","0.00","86","96","78"
"USW00012960","HOUSTON INTERCONTINENTAL AIRPORT, TX US","29.98","-95.36","29.0","2018-06-03","5.82","0.01","85","97","72"
"USW00012960","HOUSTON INTERCONTINENTAL AIRPORT, TX US","29.98","-95.36","29.0","2018-06-04","4.92","0.00","82","94","72"
"USW00012960","HOUSTON INTERCONTINENTAL AIRPORT, TX US","29.98","-95.36","29.0","2018-06-05","6.26","0.00","85","98","77"
"USW00012960","HOUSTON INTERCONTINENTAL AIRPORT, TX US","29.98","-95.36","29.0","2018-06-06","5.82","0.25","85","96","77"
"USW00012960","HOUSTON INTERCONTINENTAL AIRPORT, TX US","29.98","-95.36","29.0","2018-06-07","7.38","0.00","84","94","74"
"USW00012960","HOUSTON INTERCONTINENTAL AIRPORT, TX US","29.98","-95.36","29.0","2018-06-08","5.37","0.00","84","95","74"
"USW00012960","HOUSTON INTERCONTINENTAL AIRPORT, TX US","29.98","-95.36","29.0","2018-06-09","5.82","0.00","82","95","72"
"USW00012960","HOUSTON INTERCONTINENTAL AIRPORT, TX US","29.98","-95.36","29.0","2018-06-10","9.40","0.00","85","96","80"
"USW00012960","HOUSTON INTERCONTINENTAL AIRPORT, TX US","29.98","-95.36","29.0","2018-06-11","10.29","0.00","86","95","80"
"USW00012960","HOUSTON INTERCONTINENTAL AIRPORT, TX US","29.98","-95.36","29.0","2018-06-12","9.62","0.00","87","97","78"
"USW00012960","HOUSTON INTERCONTINENTAL AIRPORT, TX US","29.98","-95.36","29.0","2018-06-13","7.16","0.00","86","97","74"
"USW00012960","HOUSTON INTERCONTINENTAL AIRPORT, TX US","29.98","-95.36","29.0","2018-06-14","4.92","0.00","83","94","75"
"USW00012960","HOUSTON INTERCONTINENTAL AIRPORT, TX US","29.98","-95.36","29.0","2018-06-15","8.72","0.00","83","94","73"
"USW00012960","HOUSTON INTERCONTINENTAL AIRPORT, TX US","29.98","-95.36","29.0","2018-06-16","11.63","0.00","85","95","75"
"USW00012960","HOUSTON INTERCONTINENTAL AIRPORT, TX US","29.98","-95.36","29.0","2018-06-17","9.17","1.26","81","87","77"
"USW00012960","HOUSTON INTERCONTINENTAL AIRPORT, TX US","29.98","-95.36","29.0","2018-06-18","11.18","2.17","79","84","75"
"USW00012960","HOUSTON INTERCONTINENTAL AIRPORT, TX US","29.98","-95.36","29.0","2018-06-19","11.86","1.00","77","82","74"
"USW00012960","HOUSTON INTERCONTINENTAL AIRPORT, TX US","29.98","-95.36","29.0","2018-06-20","9.40","1.43","80","88","76"
"USW00012960","HOUSTON INTERCONTINENTAL AIRPORT, TX US","29.98","-95.36","29.0","2018-06-21","4.47","0.00","80","89","76"
"USW00012960","HOUSTON INTERCONTINENTAL AIRPORT, TX US","29.98","-95.36","29.0","2018-06-22","6.93","0.00","85","96","77"
"USW00012960","HOUSTON INTERCONTINENTAL AIRPORT, TX US","29.98","-95.36","29.0","2018-06-23","9.17","0.00","85","95","77"
"USW00012960","HOUSTON INTERCONTINENTAL AIRPORT, TX US","29.98","-95.36","29.0","2018-06-24","10.96","0.00","85","94","79"
"USW00012960","HOUSTON INTERCONTINENTAL AIRPORT, TX US","29.98","-95.36","29.0","2018-06-25","9.84","0.51","84","91","76"
"USW00012960","HOUSTON INTERCONTINENTAL AIRPORT, TX US","29.98","-95.36","29.0","2018-06-26","6.71","0.00","84","95","75"
"USW00012960","HOUSTON INTERCONTINENTAL AIRPORT, TX US","29.98","-95.36","29.0","2018-06-27","6.26","0.00","85","95","77"
"USW00012960","HOUSTON INTERCONTINENTAL AIRPORT, TX US","29.98","-95.36","29.0","2018-06-28","7.83","0.01","86","95","80"
"USW00012960","HOUSTON INTERCONTINENTAL AIRPORT, TX US","29.98","-95.36","29.0","2018-06-29","8.72","0.00","86","95","79"
"USW00012960","HOUSTON INTERCONTINENTAL AIRPORT, TX US","29.98","-95.36","29.0","2018-06-30","8.28","0.00","86","96","79"
"USW00012960","HOUSTON INTERCONTINENTAL AIRPORT, TX US","29.98","-95.36","29.0","2018-07-01","7.61","0.00","86","97","75"
"USW00012960","HOUSTON INTERCONTINENTAL AIRPORT, TX US","29.98","-95.36","29.0","2018-07-02","4.92","0.00","86","97","77"
"USW00012960","HOUSTON INTERCONTINENTAL AIRPORT, TX US","29.98","-95.36","29.0","2018-07-03","6.49","0.00","86","97","76"
"USW00012960","HOUSTON INTERCONTINENTAL AIRPORT, TX US","29.98","-95.36","29.0","2018-07-04","5.59","4.19","78","78","72"
"USW00012960","HOUSTON INTERCONTINENTAL AIRPORT, TX US","29.98","-95.36","29.0","2018-07-05","5.82","0.05","80","94","72"
"USW00012960","HOUSTON INTERCONTINENTAL AIRPORT, TX US","29.98","-95.36","29.0","2018-07-06","5.82","0.03","83","93","74"
"USW00012960","HOUSTON INTERCONTINENTAL AIRPORT, TX US","29.98","-95.36","29.0","2018-07-07","5.37","0.00","82","93","74"
"USW00012960","HOUSTON INTERCONTINENTAL AIRPORT, TX US","29.98","-95.36","29.0","2018-07-08","3.80","0.19","78","88","74"
"USW00012960","HOUSTON INTERCONTINENTAL AIRPORT, TX US","29.98","-95.36","29.0","2018-07-09","3.36","0.00","79","86","75"
"USW00012960","HOUSTON INTERCONTINENTAL AIRPORT, TX US","29.98","-95.36","29.0","2018-07-10","3.58","0.00","81","93","73"
"USW00012960","HOUSTON INTERCONTINENTAL AIRPORT, TX US","29.98","-95.36","29.0","2018-07-11","4.92","0.00","85","96","77"
"USW00012960","HOUSTON INTERCONTINENTAL AIRPORT, TX US","29.98","-95.36","29.0","2018-07-12","4.92","0.00","85","95","78"
"USW00012960","HOUSTON INTERCONTINENTAL AIRPORT, TX US","29.98","-95.36","29.0","2018-07-13","4.70","0.00","83","95","75"
"USW00012960","HOUSTON INTERCONTINENTAL AIRPORT, TX US","29.98","-95.36","29.0","2018-07-14","4.70","0.02","85","94","76"
"USW00012960","HOUSTON INTERCONTINENTAL AIRPORT, TX US","29.98","-95.36","29.0","2018-07-15","4.92","0.00","85","95","77"
"USW00012960","HOUSTON INTERCONTINENTAL AIRPORT, TX US","29.98","-95.36","29.0","2018-07-16","4.92","0.00","86","97","76"
"USW00012960","HOUSTON INTERCONTINENTAL AIRPORT, TX US","29.98","-95.36","29.0","2018-07-17","5.82","0.00","86","96","77"
"USW00012960","HOUSTON INTERCONTINENTAL AIRPORT, TX US","29.98","-95.36","29.0","2018-07-18","6.49","0.00","87","97","79"
"USW00012960","HOUSTON INTERCONTINENTAL AIRPORT, TX US","29.98","-95.36","29.0","2018-07-19","7.38","0.00","87","98","80"
"USW00012960","HOUSTON INTERCONTINENTAL AIRPORT, TX US","29.98","-95.36","29.0","2018-07-20","7.16","0.00","88","99","80"
"USW00012960","HOUSTON INTERCONTINENTAL AIRPORT, TX US","29.98","-95.36","29.0","2018-07-21","6.49","0.00","89","99","80"
"USW00012960","HOUSTON INTERCONTINENTAL AIRPORT, TX US","29.98","-95.36","29.0","2018-07-22","8.05","0.00","89","100","80"
"USW00012960","HOUSTON INTERCONTINENTAL AIRPORT, TX US","29.98","-95.36","29.0","2018-07-23","7.16","0.00","89","101","80"
"USW00012960","HOUSTON INTERCONTINENTAL AIRPORT, TX US","29.98","-95.36","29.0","2018-07-24","6.71","0.00","89","96","77"
"USW00012960","HOUSTON INTERCONTINENTAL AIRPORT, TX US","29.98","-95.36","29.0","2018-07-25","4.92","0.00","85","97","74"
"USW00012960","HOUSTON INTERCONTINENTAL AIRPORT, TX US","29.98","-95.36","29.0","2018-07-26","5.82","0.00","86","100","75"
"USW00012960","HOUSTON INTERCONTINENTAL AIRPORT, TX US","29.98","-95.36","29.0","2018-07-27","4.92","0.00","87","99","74"
"USW00012960","HOUSTON INTERCONTINENTAL AIRPORT, TX US","29.98","-95.36","29.0","2018-07-28","5.14","0.00","87","98","77"
"USW00012960","HOUSTON INTERCONTINENTAL AIRPORT, TX US","29.98","-95.36","29.0","2018-07-29","5.82","0.00","88","100","79"
"USW00012960","HOUSTON INTERCONTINENTAL AIRPORT, TX US","29.98","-95.36","29.0","2018-07-30","6.26","0.00","88","98","80"
"USW00012960","HOUSTON INTERCONTINENTAL AIRPORT, TX US","29.98","-95.36","29.0","2018-07-31","4.70","1.56","83","87","73"
"USW00012960","HOUSTON INTERCONTINENTAL AIRPORT, TX US","29.98","-95.36","29.0","2018-08-01","4.70","0.00","81","94","72"
"USW00012960","HOUSTON INTERCONTINENTAL AIRPORT, TX US","29.98","-95.36","29.0","2018-08-02","3.13","0.00","83","96","71"
"USW00012960","HOUSTON INTERCONTINENTAL AIRPORT, TX US","29.98","-95.36","29.0","2018-08-03","6.04","0.00","84","95","73"
"USW00012960","HOUSTON INTERCONTINENTAL AIRPORT, TX US","29.98","-95.36","29.0","2018-08-04","6.26","0.04","82","91","74"
"USW00012960","HOUSTON INTERCONTINENTAL AIRPORT, TX US","29.98","-95.36","29.0","2018-08-05","7.16","0.00","82","93","74"
"USW00012960","HOUSTON INTERCONTINENTAL AIRPORT, TX US","29.98","-95.36","29.0","2018-08-06","6.04","0.51","82","91","76"
"USW00012960","HOUSTON INTERCONTINENTAL AIRPORT, TX US","29.98","-95.36","29.0","2018-08-07","4.92","0.00","82","94","75"
"USW00012960","HOUSTON INTERCONTINENTAL AIRPORT, TX US","29.98","-95.36","29.0","2018-08-08","4.92","0.00","83","96","76"
"USW00012960","HOUSTON INTERCONTINENTAL AIRPORT, TX US","29.98","-95.36","29.0","2018-08-09","3.80","0.01","82","95","75"
"USW00012960","HOUSTON INTERCONTINENTAL AIRPORT, TX US","29.98","-95.36","29.0","2018-08-10","6.04","0.14","83","96","75"
"USW00012960","HOUSTON INTERCONTINENTAL AIRPORT, TX US","29.98","-95.36","29.0","2018-08-11","4.03","0.09","79","91","75"
"USW00012960","HOUSTON INTERCONTINENTAL AIRPORT, TX US","29.98","-95.36","29.0","2018-08-12","5.59","0.00","82","93","75"
"USW00012960","HOUSTON INTERCONTINENTAL AIRPORT, TX US","29.98","-95.36","29.0","2018-08-13","7.16","0.00","85","95","76"
"USW00012960","HOUSTON INTERCONTINENTAL AIRPORT, TX US","29.98","-95.36","29.0","2018-08-14","8.95","0.00","84","95","74"
"USW00012960","HOUSTON INTERCONTINENTAL AIRPORT, TX US","29.98","-95.36","29.0","2018-08-15","7.16","0.00","85","95","77"
"USW00012960","HOUSTON INTERCONTINENTAL AIRPORT, TX US","29.98","-95.36","29.0","2018-08-16","5.82","0.00","86","97","77"
"USW00012960","HOUSTON INTERCONTINENTAL AIRPORT, TX US","29.98","-95.36","29.0","2018-08-17","7.16","0.00","86","97","77"
"USW00012960","HOUSTON INTERCONTINENTAL AIRPORT, TX US","29.98","-95.36","29.0","2018-08-18","5.82","0.00","87","97","78"
"USW00012960","HOUSTON INTERCONTINENTAL AIRPORT, TX US","29.98","-95.36","29.0","2018-08-19","7.16","0.00","87","97","80"
"USW00012960","HOUSTON INTERCONTINENTAL AIRPORT, TX US","29.98","-95.36","29.0","2018-08-20","7.16","0.00","87","98","81"
"USW00012960","HOUSTON INTERCONTINENTAL AIRPORT, TX US","29.98","-95.36","29.0","2018-08-21","6.04","0.05","88","100","76"
"USW00012960","HOUSTON INTERCONTINENTAL AIRPORT, TX US","29.98","-95.36","29.0","2018-08-22","6.04","0.00","86","99","77"
"USW00012960","HOUSTON INTERCONTINENTAL AIRPORT, TX US","29.98","-95.36","29.0","2018-08-23","5.82","0.00","86","95","78"
"USW00012960","HOUSTON INTERCONTINENTAL AIRPORT, TX US","29.98","-95.36","29.0","2018-08-24","5.59","0.00","86","96","76"
"USW00012960","HOUSTON INTERCONTINENTAL AIRPORT, TX US","29.98","-95.36","29.0","2018-08-25","6.26","0.00","85","96","75"
"USW00012960","HOUSTON INTERCONTINENTAL AIRPORT, TX US","29.98","-95.36","29.0","2018-08-26","6.04","0.00","85","95","77"
"USW00012960","HOUSTON INTERCONTINENTAL AIRPORT, TX US","29.98","-95.36","29.0","2018-08-27","7.16","0.00","84","93","77"
"USW00012960","HOUSTON INTERCONTINENTAL AIRPORT, TX US","29.98","-95.36","29.0","2018-08-28","7.16","0.00","85","97","77"
"USW00012960","HOUSTON INTERCONTINENTAL AIRPORT, TX US","29.98","-95.36","29.0","2018-08-29","5.82","0.01","81","88","74"
"USW00012960","HOUSTON INTERCONTINENTAL AIRPORT, TX US","29.98","-95.36","29.0","2018-08-30","6.93","0.00","81","93","72"
"USW00012960","HOUSTON INTERCONTINENTAL AIRPORT, TX US","29.98","-95.36","29.0","2018-08-31","5.82","0.00","84","96","75"
"USW00012960","HOUSTON INTERCONTINENTAL AIRPORT, TX US","29.98","-95.36","29.0","2018-09-01","6.71","0.19","82","91","77"
"USW00012960","HOUSTON INTERCONTINENTAL AIRPORT, TX US","29.98","-95.36","29.0","2018-09-02","6.71","0.66","79","84","76"
"USW00012960","HOUSTON INTERCONTINENTAL AIRPORT, TX US","29.98","-95.36","29.0","2018-09-03","8.28","0.34","77","78","75"
"USW00012960","HOUSTON INTERCONTINENTAL AIRPORT, TX US","29.98","-95.36","29.0","2018-09-04","8.95","0.26","79","88","75"
"USW00012960","HOUSTON INTERCONTINENTAL AIRPORT, TX US","29.98","-95.36","29.0","2018-09-05","5.82","0.00","82","92","76"
"USW00012960","HOUSTON INTERCONTINENTAL AIRPORT, TX US","29.98","-95.36","29.0","2018-09-06","4.47","0.00","83","92","76"
"USW00012960","HOUSTON INTERCONTINENTAL AIRPORT, TX US","29.98","-95.36","29.0","2018-09-07","3.80","1.33","82","91","75"
"USW00012960","HOUSTON INTERCONTINENTAL AIRPORT, TX US","29.98","-95.36","29.0","2018-09-08","3.80","0.04","83","93","75"
"USW00012960","HOUSTON INTERCONTINENTAL AIRPORT, TX US","29.98","-95.36","29.0","2018-09-09","3.13","0.01","78","89","74"
"USW00012960","HOUSTON INTERCONTINENTAL AIRPORT, TX US","29.98","-95.36","29.0","2018-09-10","5.14","0.10","76","80","74"
"USW00012960","HOUSTON INTERCONTINENTAL AIRPORT, TX US","29.98","-95.36","29.0","2018-09-11","8.05","0.41","76","80","73"
"USW00012960","HOUSTON INTERCONTINENTAL AIRPORT, TX US","29.98","-95.36","29.0","2018-09-12","8.05","0.46","78","85","75"
"USW00012960","HOUSTON INTERCONTINENTAL AIRPORT, TX US","29.98","-95.36","29.0","2018-09-13","10.29","0.00","79","86","74"
"USW00012960","HOUSTON INTERCONTINENTAL AIRPORT, TX US","29.98","-95.36","29.0","2018-09-14","8.05","1.22","77","78","75"
"USW00012960","HOUSTON INTERCONTINENTAL AIRPORT, TX US","29.98","-95.36","29.0","2018-09-15","7.83","0.00","80","92","74"
"USW00012960","HOUSTON INTERCONTINENTAL AIRPORT, TX US","29.98","-95.36","29.0","2018-09-16","2.46","0.00","82","95","73"
"USW00012960","HOUSTON INTERCONTINENTAL AIRPORT, TX US","29.98","-95.36","29.0","2018-09-17","3.58","0.00","84","96","77"
"USW00012960","HOUSTON INTERCONTINENTAL AIRPORT, TX US","29.98","-95.36","29.0","2018-09-18","4.03","0.00","85","96","78"
"USW00012960","HOUSTON INTERCONTINENTAL AIRPORT, TX US","29.98","-95.36","29.0","2018-09-19","4.70","0.00","85","94","75"
"USW00012960","HOUSTON INTERCONTINENTAL AIRPORT, TX US","29.98","-95.36","29.0","2018-09-20","5.14","0.69","80","90","74"
"USW00012960","HOUSTON INTERCONTINENTAL AIRPORT, TX US","29.98","-95.36","29.0","2018-09-21","5.82","0.41","80","88","74"
"USW00012960","HOUSTON INTERCONTINENTAL AIRPORT, TX US","29.98","-95.36","29.0","2018-09-22","4.70","0.75","79","86","74"
"USW00012960","HOUSTON INTERCONTINENTAL AIRPORT, TX US","29.98","-95.36","29.0","2018-09-23","5.59","0.47","76","84","70"
"USW00012960","HOUSTON INTERCONTINENTAL AIRPORT, TX US","29.98","-95.36","29.0","2018-09-24","4.70","0.00","78","89","70"
"USW00012960","HOUSTON INTERCONTINENTAL AIRPORT, TX US","29.98","-95.36","29.0","2018-09-25","5.37","0.03","80","89","73"
"USW00012960","HOUSTON INTERCONTINENTAL AIRPORT, TX US","29.98","-95.36","29.0","2018-09-26","4.03","0.39","80","89","74"
"USW00012960","HOUSTON INTERCONTINENTAL AIRPORT, TX US","29.98","-95.36","29.0","2018-09-27","6.71","0.00","75","80","70"
"USW00012960","HOUSTON INTERCONTINENTAL AIRPORT, TX US","29.98","-95.36","29.0","2018-09-28","7.16","0.01","74","82","69"
"USW00012960","HOUSTON INTERCONTINENTAL AIRPORT, TX US","29.98","-95.36","29.0","2018-09-29","7.38","0.83","76","79","72"
"USW00012960","HOUSTON INTERCONTINENTAL AIRPORT, TX US","29.98","-95.36","29.0","2018-09-30","7.16","0.00","76","85","72"
